date,open,high,low,close,volume
2014-01-02,72.8524,73.632,71.4789,72.6761,632059
2014-01-03,73.0473,73.0473,71.9986,72.5833,662413
2014-01-06,72.4627,72.8153,71.2098,72.4163,1369108
2014-01-07,72.3884,74.7921,72.0172,73.9568,685916
2014-01-08,74.6807,77.0194,74.226,76.4719,709011
2014-01-09,77.1215,78.2816,73.9197,74.0311,896042
2014-01-10,74.2445,76.0635,73.5486,75.8872,519213
2014-01-13,75.9057,76.5554,72.3977,72.7504,505433
2014-01-14,72.8617,75.038,72.1007,73.7898,489777
2014-01-15,74.4858,74.7921,72.5833,73.6227,457274
2014-01-16,73.5763,74.3559,72.9638,74.1703,331266
2014-01-17,74.5972,74.9127,72.9638,73.7341,625909
2014-01-21,74.458,75.4139,73.7898,74.922,348210
2014-01-22,75.4324,76.0348,74.2631,75.3953,710172
2014-01-23,72.8432,74.0496,71.2892,72.2678,1080395
2014-01-24,71.6831,72.2678,67.2841,69.1031,1441367
2014-01-27,69.0938,69.4186,67.1263,69.0289,593444
2014-01-28,69.6135,71.9614,69.5207,70.7736,566134
2014-01-29,70.2724,71.0891,68.9917,69.8548,668360
2014-01-30,70.7179,71.5624,69.9105,70.5137,278998
2014-01-31,69.2237,70.3745,68.6372,69.5764,298230
2014-02-03,70.0311,70.523,66.7087,67.0985,456056
2014-02-04,67.2748,68.6298,66.0962,66.6716,482415
2014-02-05,66.6716,67.414,63.9617,66.4396,724757
2014-02-06,66.2168,67.2748,65.2331,66.3746,458075
2014-02-07,67.2748,68.3996,64.7691,67.5904,927868
2014-02-10,67.7481,69.0474,66.4117,67.182,1073793
2014-02-11,66.8108,68.3792,66.4396,66.5324,684780
2014-02-12,66.8201,67.5904,66.0962,66.4024,1317085
2014-02-13,67.5254,69.5393,65.9013,67.1913,1799200
2014-02-14,66.4489,68.1101,66.4489,68.0358,743942
2014-02-18,68.6391,69.1773,67.6646,68.2957,761996
2014-02-19,68.305,69.298,67.4419,67.7574,762757
2014-02-20,67.2934,67.7945,65.725,66.0591,689455
2014-02-21,65.9848,67.4976,65.3816,65.8456,1121863
2014-02-24,66.0255,66.2517,64.3687,64.3687,773499
2014-02-25,63.9427,64.6338,62.9202,63.0243,1318153
2014-02-26,63.1758,65.4764,63.0527,64.1604,1368864
2014-02-27,64.3876,67.2752,64.3876,65.0409,879557
2014-02-28,65.8077,66.2432,64.6243,65.4858,771464
2014-03-03,64.5012,65.3249,63.0291,64.2077,1000887
2014-03-04,65.2965,65.7225,64.3971,65.1545,882617
2014-03-05,65.1355,66.8965,64.9462,66.6503,509633
2014-03-06,67.2752,69.642,66.7829,68.6858,880783
2014-03-07,69.2444,69.661,67.6444,67.7769,1027707
2014-03-10,67.2184,67.2184,65.4196,66.2716,694039
2014-03-11,66.8491,67.0196,64.6243,64.6716,575074
2014-03-12,64.0089,64.4823,62.6551,63.9995,540885
2014-03-13,64.1888,64.6432,62.0208,62.5983,909233
2014-03-14,62.1533,62.5415,61.3959,61.6326,675398
2014-03-17,62.5983,62.7214,60.4965,61.2823,1082131
2014-03-18,61.4054,62.7782,61.0078,62.4184,661896
2014-03-19,61.8977,62.1628,60.0894,60.5628,1081268
2014-03-20,60.4019,60.8468,59.5687,59.9758,841112
2014-03-21,61.3107,61.6326,59.6918,61.0456,762553
2014-03-24,61.7084,61.8882,60.4019,61.4338,1273514
2014-03-25,62.2196,62.4563,60.8942,61.3013,778397
2014-03-26,61.7178,62.9202,61.2066,62.7782,1133327
2014-03-27,62.7214,63.6208,60.08,61.5379,1553294
2014-03-28,61.9166,64.558,61.5475,64.5012,1183183
2014-03-31,65.2018,66.2338,63.5924,63.7154,681995
2014-04-01,64.1604,66.3284,64.1604,66.1012,572902
2014-04-02,66.2716,67.6823,62.4847,62.7024,978079
2014-04-03,62.9581,63.7817,61.1072,62.0397,978598
2014-04-04,62.5036,62.5036,60.3829,61.0172,658677
2014-04-07,60.6007,61.6232,59.9001,61.2539,717598
2014-04-08,61.5947,63.6965,61.2634,63.6208,569408
2014-04-09,64.1888,64.8515,63.5166,64.293,709419
2014-04-10,64.6054,65.2965,63.9184,64.6432,787195
2014-04-11,64.3876,66.2338,64.2608,64.5864,946667
2014-04-14,64.6716,66.0823,64.2551,65.4669,589072
2014-04-15,65.1355,66.0728,64.9367,65.8267,778754
2014-04-16,66.2716,66.7355,65.1071,66.0539,316550
2014-04-17,66.2432,67.5024,65.2302,67.3982,431518
2014-04-21,67.9568,71.1,67.5024,70.0965,779504
2014-04-22,70.816,70.8292,69.6704,70.1911,854142
2014-04-23,70.3047,70.3047,68.79,69.7746,545474
2014-04-24,70.2953,70.2953,68.79,69.4811,623384
2014-04-25,68.8278,70.2006,66.6598,67.332,907892
2014-04-28,66.9722,67.99,63.422,64.3592,1305106
2014-04-29,64.3592,65.8267,63.7632,65.7604,690288
2014-04-30,65.5521,65.6137,63.9143,64.4634,431643
2014-05-01,64.8515,67.2562,64.4255,66.2811,354968
2014-05-02,65.8361,67.2846,65.6373,66.1296,530723
2014-05-05,65.4764,66.6574,65.3533,66.4136,207531
2014-05-06,66.3474,66.7545,65.5048,65.6847,248097
2014-05-07,65.8551,66.5367,63.0906,63.4977,440178
2014-05-08,63.5829,65.2492,63.4314,64.0279,462096
2014-05-09,63.7628,64.2415,61.4622,63.5734,650860
2014-05-12,64.2267,68.4775,63.5734,67.6633,958477
2014-05-13,67.4551,67.9284,66.4042,67.6255,571203
2014-05-14,67.2184,68.0515,66.2735,67.2562,901920
2014-05-15,66.0823,68.8468,65.4196,67.4551,1094298
2014-05-16,67.6823,67.9355,66.0349,66.9059,529317
2014-05-19,66.6787,67.6704,66.5273,66.9343,962958
2014-05-20,66.9343,67.8811,66.9343,67.2278,997637
2014-05-21,67.8243,68.4491,67.3414,67.8527,519171
2014-05-22,68.1746,68.1982,67.3225,67.6349,249605
2014-05-23,67.9092,67.9092,66.6823,67.5668,361571
2014-05-27,68.2516,68.2516,66.825,67.681,375049
2014-05-28,68.1375,68.1375,67.2244,67.5764,364128
2014-05-29,68.0614,68.0614,67.3386,67.9758,336244
2014-05-30,68.1756,68.3087,67.1008,67.681,310619
2014-06-02,67.7,67.9092,65.988,66.7679,250207
2014-06-03,66.4826,66.6443,65.7502,66.2353,197280
2014-06-04,65.8453,68.1756,65.8453,67.5668,373357
2014-06-05,67.3861,67.895,66.882,67.5573,251981
2014-06-06,67.5288,67.7761,66.6157,67.3861,548551
2014-06-09,67.5478,68.4704,67.4147,67.9283,296659
2014-06-10,68.147,68.946,68.147,68.8508,690939
2014-06-11,68.7938,69.2884,68.3848,68.984,950286
2014-06-12,69.3264,72.4556,69.0316,72.1322,2048482
2014-06-13,72.0656,72.2748,70.5628,71.7327,1878562
2014-06-16,71.0194,71.7327,70.0683,71.4474,388610
2014-06-17,71.533,73.3876,71.5044,71.999,638486
2014-06-18,71.7993,72.7599,71.3998,72.5507,467636
2014-06-19,72.4175,73.2925,71.8088,73.264,270799
2014-06-20,73.5208,73.5208,72.5507,73.4162,460827
2014-06-23,73.4162,73.4162,72.2891,72.9596,324729
2014-06-24,72.5697,74.3483,72.3795,73.8251,464056
2014-06-25,73.1213,73.8061,72.855,73.3211,507431
2014-06-26,73.4732,74.8809,73.264,74.4624,445456
2014-06-27,74.0724,74.8999,73.2069,73.8917,303237
2014-06-30,73.9012,74.8332,73.6254,74.529,353256
2014-07-01,74.6621,75.2328,74.567,75.0426,214728
2014-07-02,75.1377,75.7749,74.4719,74.9475,374026
2014-07-03,75.5467,75.8035,74.4719,75.4991,121219
2014-07-07,75.7939,75.7939,73.5398,74.1295,185495
2014-07-08,73.6349,74.0534,69.9922,72.0371,467198
2014-07-09,71.6471,72.6553,71.2334,72.3319,310274
2014-07-10,71.0574,72.7599,70.4021,72.3985,259378
2014-07-11,72.427,73.4875,71.8254,72.6172,283507
2014-07-14,73.4352,75.1377,73.3591,74.1866,330283
2014-07-15,74.2151,74.7572,73.0357,74.5765,268159
2014-07-16,75.1377,78.1717,74.9807,77.6867,882680
2014-07-17,77.6011,78.3429,76.6309,76.8021,646059
2014-07-18,77.6867,78.6283,77.0304,77.9815,341790
2014-07-21,78.1717,79.4177,77.8008,78.8851,380129
2014-07-22,79.7506,81.025,79.3511,80.7587,489539
2014-07-23,81.2818,81.2818,79.1228,80.0074,305490
2014-07-24,79.665,80.8443,78.3905,80.4924,258773
2014-07-25,80.8443,81.239,79.3701,79.5413,373967
2014-07-28,80.169,82.2425,78.8946,81.6908,724258
2014-07-29,81.9001,82.5088,80.6636,80.8634,546188
2014-07-30,80.8919,82.2044,79.9598,81.5957,322112
2014-07-31,80.559,81.3865,79.2655,79.9313,368725
2014-08-01,79.8932,79.8932,76.8211,78.1907,396082
2014-08-04,78.7614,79.5318,77.8579,79.3321,401587
2014-08-05,79.3511,79.7791,78.4095,78.7043,282403
2014-08-06,78.1432,78.7709,77.5155,78.5427,325472
2014-08-07,78.3239,79.8552,77.8388,78.8946,329142
2014-08-08,79.0943,79.8029,78.0671,78.847,387053
2014-08-11,79.5413,79.9503,78.8946,79.3987,296037
2014-08-12,78.5331,79.7125,77.6201,78.6092,429603
2014-08-13,79.5128,80.8443,78.3715,79.9503,638038
2014-08-14,80.8443,81.6718,77.6876,81.2343,694609
2014-08-15,81.2248,83.146,80.8548,82.7085,560711
2014-08-18,83.3838,85.2845,82.9273,84.7439,625905
2014-08-19,84.2874,85.1719,83.7452,84.2493,316097
2014-08-20,84.2493,84.9817,83.7452,83.7928,190461
2014-08-21,84.0781,84.877,83.5265,83.8879,300027
2014-08-22,83.8879,84.4871,82.9843,83.4409,149150
2014-08-25,83.9925,85.2575,83.7318,85.1624,369741
2014-08-26,85.4002,86.6081,84.7439,85.714,456469
2014-08-27,85.6186,86.6785,84.6541,85.504,395619
2014-08-28,84.9215,85.843,83.8328,84.3103,229699
2014-08-29,84.5013,84.9597,83.8997,84.0716,247473
2014-09-02,83.766,84.5871,83.5655,83.9379,312643
2014-09-03,84.4631,84.9024,83.7756,84.2817,461761
2014-09-04,84.7878,86.6117,84.7878,85.7331,303147
2014-09-05,85.7427,85.8556,85.2175,85.6281,318294
2014-09-08,85.4753,86.2536,84.6636,84.9215,290767
2014-09-09,84.6159,85.7522,83.9188,84.1862,316347
2014-09-10,83.7183,84.6063,83.2026,83.9474,236442
2014-09-11,83.3745,84.74,83.2599,84.635,139149
2014-09-12,84.6063,84.7257,84.1193,84.339,183737
2014-09-15,84.6254,84.6254,82.0567,82.7156,239480
2014-09-16,82.1331,84.5299,81.6986,84.1671,256914
2014-09-17,84.9119,84.9119,83.6514,84.1957,260854
2014-09-18,84.7209,85.5135,84.3103,85.418,209256
2014-09-19,85.3703,86.0196,83.6037,84.8355,406064
2014-09-22,84.2626,84.9692,82.5437,83.088,301462
2014-09-23,82.792,84.4881,82.6115,83.3745,174100
2014-09-24,83.957,84.7687,83.3745,84.339,265745
2014-09-25,83.7851,84.0143,80.7866,81.14,334185
2014-09-26,81.5124,82.9161,81.2641,81.8371,286387
2014-09-29,80.9299,82.8206,80.0934,81.1591,364247
2014-09-30,81.6461,81.923,80.5193,81.7989,362319
2014-10-01,82.1808,82.2095,78.0937,79.211,358998
2014-10-02,79.0869,80.1659,77.75,78.6954,286445
2014-10-03,79.4497,80.5288,79.2588,79.6121,260114
2014-10-06,80.2805,81.436,79.4975,80.3856,301479
2014-10-07,79.9177,81.3978,79.7362,79.8986,377733
2014-10-08,80.2805,82.0376,78.9245,81.1686,806319
2014-10-09,81.4073,82.9639,81.0731,81.1686,672351
2014-10-10,81.5888,82.6869,79.02,79.6598,929849
2014-10-13,79.4593,81.2355,78.7813,79.2683,809596
2014-10-14,80.1086,83.5559,79.3065,81.9898,567970
2014-10-15,81.2832,85.4276,80.0895,84.9788,1132301
2014-10-16,82.9257,84.8069,82.0471,84.1289,816490
2014-10-17,85.1029,85.8382,83.6323,84.0907,315844
2014-10-20,84.3294,86.4875,84.0908,86.1342,481856
2014-10-21,87.4616,90.6892,87.4616,88.0632,588670
2014-10-22,87.939,89.9587,87.6334,87.8244,355647
2014-10-23,88.8367,89.5051,87.8053,87.9486,457265
2014-10-24,87.2992,89.2282,86.7072,88.5597,307296
2014-10-27,87.6716,88.4451,86.669,87.8244,475249
2014-10-28,87.8244,89.0085,87.4425,88.5693,369506
2014-10-29,89.4574,89.8393,87.6907,87.8626,423544
2014-10-30,88.0727,90.6319,87.9963,89.7725,461936
2014-10-31,90.6892,91.4722,90.3168,90.4505,393740
2014-11-03,91.1858,91.2813,89.3141,89.6006,426127
2014-11-04,88.9512,90.7751,88.5406,89.8298,799161
2014-11-05,90.7847,91.1953,88.5788,89.1422,296375
2014-11-06,89.4383,89.8584,87.6716,88.617,315711
2014-11-07,88.3496,89.1518,87.643,87.6621,343061
2014-11-10,88.4642,89.2186,88.216,88.8844,562989
2014-11-11,89.7152,90.8133,89.1804,89.6197,481364
2014-11-12,90.1449,91.8829,89.9826,90.651,519767
2014-11-13,90.4218,94.7094,89.8011,93.5826,982298
2014-11-14,94.9195,96.7243,93.5444,96.1036,653039
2014-11-17,96.1323,97.2209,95.3397,96.562,385929
2014-11-18,96.4665,97.4023,95.2776,97.3068,382815
2014-11-19,96.5906,97.4787,95.1678,95.6453,314595
2014-11-20,96.3233,98.6915,95.6978,98.0708,602116
2014-11-21,99.7037,101.5085,99.0262,100.4867,679550
2014-11-24,100.2671,101.9955,98.8634,100.2862,634858
2014-11-25,99.7896,100.735,98.7392,99.5032,327792
2014-11-26,99.6181,101.4769,99.2732,101.3907,285039
2014-11-28,102.5596,102.9669,100.5667,101.247,268432
2014-12-01,100.5092,101.5153,99.4074,100.4517,371716
2014-12-02,100.9595,101.2537,99.4169,100.2601,232209
2014-12-03,100.3176,100.5475,98.7558,98.8995,253169
2014-12-04,99.8289,99.8289,97.2132,97.6635,426611
2014-12-05,97.6635,98.1139,96.7246,97.0982,367084
2014-12-08,97.6252,97.6875,93.0549,94.4825,486183
2014-12-09,91.9626,96.2934,91.244,95.7185,601619
2014-12-10,95.9868,97.3857,92.3554,92.5183,375234
2014-12-11,93.4477,97.0503,91.9913,96.5617,463832
2014-12-12,95.3257,97.7306,94.128,95.2873,340986
2014-12-15,95.4598,96.4659,94.655,95.5748,298691
2014-12-16,95.7856,95.7856,93.6681,94.7891,430701
2014-12-17,95.364,95.776,93.2465,93.6489,258487
2014-12-18,94.6741,98.66,94.6741,98.0372,455388
2014-12-19,98.7654,98.8993,97.3665,97.6731,392653
2014-12-22,98.7079,99.9056,97.9414,98.363,329120
2014-12-23,98.3151,98.6887,95.4119,96.2072,245641
2014-12-24,96.073,99.1103,95.5556,97.0695,77331
2014-12-26,97.1461,98.6983,95.6706,97.3473,247357
2014-12-29,97.6635,98.4971,95.1724,95.2778,242482
2014-12-30,94.8562,95.9533,94.2334,94.8466,266554
2014-12-31,95.3161,95.8814,94.1377,94.9903,170935
2015-01-02,95.6419,96.5138,92.7962,94.6741,327042
2015-01-05,94.8083,96.7578,94.31,95.2394,210236
2015-01-06,95.6227,98.1905,94.4921,96.8683,419921
2015-01-07,97.7114,102.0135,97.4527,98.3247,648081
2015-01-08,98.5834,100.5954,98.3342,98.8085,424748
2015-01-09,98.7558,100.3847,97.951,99.2445,301836
2015-01-12,100.2122,100.4996,98.3438,99.6565,467004
2015-01-13,100.0397,102.0327,99.2953,100.4805,388240
2015-01-14,99.3882,102.4926,98.9762,100.4709,442500
2015-01-15,101.1895,103.3837,100.2793,102.2339,568137
2015-01-16,102.1093,106.1814,101.9273,104.1502,748131
2015-01-20,105.1179,108.663,104.4472,106.421,546510
2015-01-21,106.6797,108.0498,105.8748,107.6857,298642
2015-01-22,109.1038,109.1038,105.3958,107.1875,539973
2015-01-23,107.2258,109.7936,107.2258,108.1744,361940
2015-01-26,108.251,109.008,105.185,106.4114,807400
2015-01-27,105.6736,106.4305,104.5334,105.5491,431330
2015-01-28,106.1239,107.1683,103.4124,104.0544,366809
2015-01-29,103.9202,105.8365,102.8183,104.6005,360524
2015-01-30,103.834,105.3191,102.7609,104.6771,331562
2015-02-02,104.955,108.5097,103.4507,108.1648,354517
2015-02-03,107.657,110.06,106.3539,110.0044,379559
2015-02-04,110.0811,113.5112,109.8511,111.6524,497549
2015-02-05,111.4033,111.4368,109.4774,111.0296,364270
2015-02-06,111.48,111.48,106.8713,106.9671,432059
2015-02-09,105.5011,105.5011,101.2182,102.4638,868895
2015-02-10,105.7982,111.365,104.7538,110.0427,1322076
2015-02-11,109.1804,111.7961,108.9409,111.2117,655041
2015-02-12,112.0548,112.5339,107.1779,108.7301,481104
2015-02-13,108.8451,109.5733,107.2354,108.2606,331526
2015-02-17,108.2702,110.311,107.1012,110.196,241372
2015-02-18,110.3014,110.4547,108.9217,110.1769,135236
2015-02-19,110.5027,110.7325,105.8078,105.9706,324406
2015-02-20,106.3443,106.3443,103.8867,105.4724,227658
2015-02-23,106.3065,107.6911,105.1623,107.3546,416592
2015-02-24,106.9219,106.97,102.9027,105.3354,477150
2015-02-25,105.4507,105.6046,97.7681,98.0566,561017
2015-02-26,98.0758,102.9123,98.0758,100.7104,683093
2015-02-27,101.2585,101.9412,95.0374,96.1912,704038
2015-03-02,97.3066,97.8479,92.8932,93.3643,1027126
2015-03-03,92.499,94.8643,91.624,92.5759,889037
2015-03-04,91.4894,94.0663,91.4894,93.3067,692992
2015-03-05,94.0855,97.4893,93.8163,97.2105,495470
2015-03-06,97.7489,98.8162,96.1528,96.8835,388500
2015-03-09,96.8162,97.7201,96.047,96.1624,544727
2015-03-10,95.9605,96.6816,94.3739,95.6624,365517
2015-03-11,95.422,95.422,93.5855,93.7201,298264
2015-03-12,94.5566,94.5566,90.5567,91.1817,515713
2015-03-13,90.6432,93.374,90.5471,92.0422,551064
2015-03-16,93.2682,95.8932,92.8129,95.4797,585586
2015-03-17,95.5566,96.7393,94.2297,95.6912,341169
2015-03-18,95.8835,98.1912,95.298,96.2489,557095
2015-03-19,96.7297,96.9893,93.4317,94.4028,472080
2015-03-20,94.5086,97.9316,94.2393,96.797,491749
2015-03-23,97.8354,100.4604,97.6335,99.8739,403848
2015-03-24,99.172,100.3739,98.1143,98.7008,365495
2015-03-25,98.8354,99.97,95.6047,96.1047,368412
2015-03-26,96.2297,98.4412,94.9605,97.5566,355669
2015-03-27,98.1143,100.7008,97.5566,99.8354,511094
2015-03-30,99.9989,101.532,98.6066,100.9796,354497
2015-03-31,99.8547,103.2104,99.1816,101.2489,849320
2015-04-01,100.7008,104.0469,100.7008,102.9412,354284
2015-04-02,103.7296,107.4603,103.0727,107.22,1048349
2015-04-06,106.7392,107.6911,104.9315,106.7969,504744
2015-04-07,106.7296,111.9603,105.6719,107.6911,815738
2015-04-08,109.2584,116.3449,109.2584,112.5372,1319865
2015-04-09,114.9122,116.0468,112.0853,115.5276,757105
2015-04-10,114.8064,118.0756,113.8545,114.2295,888739
2015-04-13,113.941,114.7391,112.3353,113.2872,357397
2015-04-14,113.0661,113.441,109.1526,112.018,694876
2015-04-15,112.4795,113.4603,110.4122,111.2872,418201
2015-04-16,111.5372,112.8545,109.9892,111.768,797909
2015-04-17,110.2007,111.7584,106.3546,108.3449,736463
2015-04-20,109.6142,109.9045,107.6911,109.5372,276756
2015-04-21,110.5276,112.1622,110.1719,110.7968,292189
2015-04-22,111.7391,112.0853,108.1142,110.2295,659670
2015-04-23,109.9892,114.3833,109.3353,114.3545,751998
2015-04-24,114.4699,119.4025,113.0372,117.4891,592266
2015-04-27,118.2487,119.5948,117.4987,118.5179,522550
2015-04-28,119.2294,119.3737,116.6333,118.9698,348957
2015-04-29,118.9698,122.864,117.7872,120.191,627588
2015-04-30,121.066,123.3063,120.1429,123.2582,700925
2015-05-01,123.4121,123.6813,120.441,121.5275,623941
2015-05-04,122.4121,125.7582,121.5275,123.0563,581856
2015-05-05,123.1044,123.4313,120.3064,120.4746,594893
2015-05-06,120.7679,121.0563,117.316,118.5564,633913
2015-05-07,119.7294,123.2054,119.2198,122.5948,1034709
2015-05-08,124.9986,125.3736,121.6525,124.2582,573578
2015-05-11,124.0371,124.9505,122.1525,123.9313,561537
2015-05-12,124.2582,124.989,122.6813,122.8352,567616
2015-05-13,122.6525,126.4601,122.5083,124.9986,1086593
2015-05-14,131.3832,138.3927,130.8255,135.412,3053178
2015-05-15,135.4408,137.085,133.8254,135.6908,885622
2015-05-18,135.3543,136.9696,134.1331,135.8831,597782
2015-05-19,137.4985,137.8831,134.6668,134.9216,592946
2015-05-20,136.3735,139.5273,135.6139,138.585,1295570
2015-05-21,139.96,144.5176,139.0273,143.7196,1133985
2015-05-22,144.5558,144.5558,140.7479,140.9407,998972
2015-05-26,143.5628,143.987,138.9259,139.1958,1003017
2015-05-27,140.2755,140.3553,136.9014,138.6945,985029
2015-05-28,137.0749,139.3018,134.6263,136.6604,768149
2015-05-29,136.805,138.3378,135.5518,136.323,505831
2015-06-01,138.521,140.825,136.4098,138.9837,905406
2015-06-02,137.9811,139.9481,137.9522,139.2344,918009
2015-06-03,141.0274,141.1335,138.6752,138.9548,709117
2015-06-04,138.1739,139.1958,137.5666,138.0293,779370
2015-06-05,137.4702,141.6733,137.4702,140.3526,1426687
2015-06-08,140.7093,144.6233,137.7787,138.8873,894781
2015-06-09,138.5306,139.861,135.8217,139.0223,434668
2015-06-10,139.3404,142.165,138.8198,141.8083,596703
2015-06-11,142.5217,145.2595,141.2395,143.1869,1213360
2015-06-12,142.6759,145.8958,141.0371,144.6136,1273665
2015-06-15,142.2903,144.9414,141.0082,142.8591,950652
2015-06-16,141.5577,145.9729,141.5577,144.469,618427
2015-06-17,146.5224,149.3083,145.5776,145.8283,928624
2015-06-18,145.568,146.3971,144.122,145.3174,608568
2015-06-19,144.2184,144.7534,141.8662,144.0063,611800
2015-06-22,145.4716,145.7512,139.4079,139.6778,1007133
2015-06-23,141.6155,145.8187,139.7935,144.98,978135
2015-06-24,144.3533,144.98,142.1554,142.8495,512716
2015-06-25,143.6207,144.1123,140.825,141.7312,417640
2015-06-26,141.2299,141.5191,135.3493,139.2826,1166816
2015-06-29,137.8558,138.5017,135.3108,135.5518,714455
2015-06-30,138.0968,140.2273,137.5762,139.6537,1085799
2015-07-01,138.2703,140.9889,137.7112,138.9451,776633
2015-07-02,138.4149,140.343,136.9978,139.7164,640430
2015-07-06,135.6867,136.3471,126.2875,129.1699,2034406
2015-07-07,125.8055,127.2033,111.9042,125.1114,3516357
2015-07-08,118.1029,129.6712,117.6016,127.5889,1506505
2015-07-09,132.7272,138.762,132.7272,135.8892,2048258
2015-07-10,137.0846,138.7909,131.7631,134.9155,1122855
2015-07-13,137.2003,137.8462,134.26,135.9663,817516
2015-07-14,134.5974,143.9002,134.5877,139.9863,1168848
2015-07-15,137.7208,141.3263,135.6867,136.7761,949105
2015-07-16,139.244,145.4957,137.8558,145.3366,1019384
2015-07-17,147.4961,148.9648,144.1413,145.5102,1075460
2015-07-20,144.951,145.1631,141.7312,144.7679,571583
2015-07-21,144.604,147.014,142.8128,145.6162,608961
2015-07-22,141.8083,145.5197,141.7215,144.7679,637657
2015-07-23,146.4163,148.3348,144.7197,145.1631,715756
2015-07-24,145.1631,145.5584,142.0011,143.3025,696527
2015-07-27,136.5929,138.3378,131.4065,133.5948,1548167
2015-07-28,134.9348,137.3073,133.5466,135.3975,1084969
2015-07-29,136.7954,138.4535,135.4843,136.3808,683554
2015-07-30,135.9277,138.8198,134.0961,135.9567,452490
2015-07-31,135.9567,138.1354,131.8403,133.643,740936
2015-08-03,134.0961,135.5518,130.4231,133.8454,735720
2015-08-04,135.3879,140.1405,135.0701,138.2607,639913
2015-08-05,138.7138,142.1939,138.3956,140.3141,614060
2015-08-06,140.7768,142.8784,139.6392,140.7768,385400
2015-08-07,141.8083,144.4979,140.2562,142.4735,573835
2015-08-10,144.0159,144.5751,141.1528,143.852,743406
2015-08-11,141.307,142.6084,135.0698,136.4772,1017938
2015-08-12,133.0453,136.6267,128.9289,136.1205,1352895
2015-08-13,133.2767,133.6382,126.0947,129.0831,1717087
2015-08-14,127.3286,129.7773,121.1299,121.5059,1199521
2015-08-17,119.2983,120.754,116.9268,119.5393,1201088
2015-08-18,116.1748,119.5393,112.3284,118.0836,1472041
2015-08-19,116.9653,119.52,115.2108,117.6884,630802
2015-08-20,116.2038,117.6016,114.1636,115.4229,969833
2015-08-21,113.2442,116.6954,110.034,110.0822,1211107
2015-08-24,100.2588,107.1323,99.1019,103.2858,1693559
2015-08-25,109.4941,112.9357,108.0192,108.4723,1386701
2015-08-26,111.6635,111.6635,103.6599,107.8408,1135850
2015-08-27,110.8022,118.0703,110.8022,116.967,1124205
2015-08-28,115.1669,116.0959,112.4474,114.112,934455
2015-08-31,112.4184,113.241,106.8149,107.5988,636498
2015-09-01,103.9019,108.3343,102.9728,106.6794,1091465
2015-09-02,106.931,107.7149,103.205,105.9826,758592
2015-09-03,106.4568,108.3072,105.1019,105.7213,591451
2015-09-04,104.7825,107.1343,103.2438,104.2019,746861
2015-09-08,107.8504,111.4022,106.4665,108.7505,1048527
2015-09-09,111.1506,116.9283,110.1925,110.5312,1127158
2015-09-10,110.5312,121.4285,109.6215,115.4766,1751199
2015-09-11,114.5088,114.9734,111.6589,113.6669,604657
2015-09-14,113.0862,113.6669,110.657,111.1022,558297
2015-09-15,111.1312,114.1604,110.8796,111.17,655393
2015-09-16,112.9797,116.367,111.9345,115.0218,898159
2015-09-17,116.125,116.125,111.7216,112.6216,710518
2015-09-18,112.2636,113.9378,110.8506,111.3151,548634
2015-09-21,112.7475,113.9765,111.2958,111.3732,532901
2015-09-22,109.3312,111.6732,108.7602,110.0086,770079
2015-09-23,109.7667,111.0635,108.4892,110.8022,758123
2015-09-24,109.2828,110.7054,107.0859,109.2634,586716
2015-09-25,109.9022,110.5699,108.4989,109.4763,447805
2015-09-28,109.3602,111.1603,108.4698,110.6619,568046
2015-09-29,109.5731,115.6895,108.8908,114.7701,768154
2015-09-30,116.0186,120.0543,115.7089,116.2508,774076
2015-10-01,116.9186,117.5767,112.2732,113.6281,535793
2015-10-02,113.3765,121.1963,112.67,118.7477,860322
2015-10-05,119.0574,126.7804,117.1219,125.0093,1267553
2015-10-06,124.0028,125.3094,120.8479,121.9802,589927
2015-10-07,124.3416,126.1029,121.4352,124.119,639452
2015-10-08,123.8867,128.5418,122.5415,126.4997,650766
2015-10-09,127.4966,128.174,124.6222,124.9997,504520
2015-10-12,126.2675,129.6838,126.2675,127.2449,613277
2015-10-13,125.9771,129.166,125.7584,128.0676,450321
2015-10-14,128.9386,129.6838,124.6561,125.1061,806639
2015-10-15,126.9836,129.587,126.5384,129.0934,891482
2015-10-16,130.0612,136.2841,128.0966,135.2679,1441272
2015-10-19,133.5549,135.2476,132.0548,133.7291,1137027
2015-10-20,133.642,134.9292,132.3645,134.7163,552577
2015-10-21,134.5227,134.5227,130.458,132.7517,701331
2015-10-22,133.942,136.1486,132.7807,134.7163,686203
2015-10-23,138.7616,139.0566,135.7808,137.039,832540
2015-10-26,137.3874,138.5294,135.0356,136.3325,665894
2015-10-27,136.8454,139.2068,136.4583,137.9293,653813
2015-10-28,138.5681,138.5923,136.0228,138.4229,531137
2015-10-29,137.7938,138.5255,135.0066,136.3034,455887
2015-10-30,137.4261,142.236,137.1793,139.8746,748328
2015-11-02,140.0875,141.7424,138.781,139.7488,825147
2015-11-03,138.8294,140.3294,137.6293,138.0068,672239
2015-11-04,139.5842,143.136,139.5842,141.8682,770504
2015-11-05,142.1489,144.1909,138.7616,140.2036,964154
2015-11-06,140.3294,142.9328,139.2455,142.0908,684836
2015-11-09,142.265,145.6136,141.3166,143.7361,893492
2015-11-10,142.5747,143.5328,139.6907,142.3715,1016171
2015-11-11,143.8038,146.6201,142.7973,145.2361,1217783
2015-11-12,152.9107,154.2075,147.8976,148.4008,3002894
2015-11-13,148.2169,150.9364,143.2135,143.3393,1902320
2015-11-16,140.5811,142.9328,136.2647,141.1327,1370319
2015-11-17,142.0908,146.6201,142.0908,145.8362,1196037
2015-11-18,146.562,149.7557,145.1684,149.3009,1229890
2015-11-19,151.3526,155.6187,150.9751,154.0914,1124533
2015-11-20,154.8463,159.4626,154.2172,158.4078,1297885
2015-11-23,159.6852,162.9273,158.911,159.5594,1126071
2015-11-24,159.353,160.7028,157.8381,160.2075,981388
2015-11-25,165.0629,165.4416,162.407,164.5288,1298009
2015-11-27,162.9265,162.9945,153.9635,159.2656,1420159
2015-11-30,160.2367,161.8487,156.6049,161.8389,7182222
2015-12-01,159.7414,160.5426,156.6063,159.6832,1880331
2015-12-02,160.6931,167.0245,159.1005,165.9757,1687526
2015-12-03,166.5972,171.0059,164.5094,165.3542,1905492
2015-12-04,165.1794,174.7057,165.0823,173.9579,1650240
2015-12-07,172.9286,173.7637,169.5493,172.7926,1325371
2015-12-08,168.1898,176.0433,166.6457,175.2883,1225392
2015-12-09,174.6377,176.4002,171.0253,171.3943,1305970
2015-12-10,171.8216,174.7348,169.4813,172.0449,1031646
2015-12-11,169.9959,171.302,164.5482,167.5391,1603098
2015-12-14,167.811,172.5596,167.0342,172.4431,1007701
2015-12-15,172.8509,178.6094,172.8315,175.4437,1273413
2015-12-16,178.017,179.5999,175.599,179.0075,733677
2015-12-17,179.6484,180.4738,175.8651,177.0848,746579
2015-12-18,176.7837,177.6868,172.2585,176.5507,993106
2015-12-21,177.2401,179.8844,173.1131,174.793,681640
2015-12-22,175.7641,176.2691,172.6178,176.172,981677
2015-12-23,178.2112,178.2112,175.8127,176.8517,530678
2015-12-24,176.5507,180.6195,176.2497,178.5317,338136
2015-12-28,176.9294,178.6773,172.7247,176.473,464218
2015-12-29,177.1042,181.0565,177.1042,179.3862,404090
2015-12-30,178.7065,179.4105,174.9484,175.4242,684674
2015-12-31,174.8222,177.1528,174.1521,175.9972,492212
2016-01-04,167.1701,168.4422,160.2852,167.141,1119465
2016-01-05,168.0344,169.9377,166.5389,168.8307,731520
2016-01-06,167.0245,170.6332,165.5581,168.6462,958135
2016-01-07,160.5183,162.6401,158.0712,160.5863,1316827
2016-01-08,162.2759,165.0823,158.178,158.7315,965926
2016-01-11,155.3716,158.7509,150.7493,154.1966,1210553
2016-01-12,155.6726,156.7214,153.8859,156.2067,774540
2016-01-13,157.3137,157.3137,152.808,153.2449,664156
2016-01-14,152.4584,159.6249,151.0795,158.7898,879863
2016-01-15,153.4683,156.3232,148.0645,150.5065,1001334
2016-01-19,153.7208,160.1104,153.7208,156.9739,1384683
2016-01-20,152.3321,156.7408,150.0404,155.6823,1020262
2016-01-21,155.9154,156.7797,152.4788,154.5559,1120849
2016-01-22,157.5274,158.2751,146.7776,149.0596,1670995
2016-01-25,149.5452,156.2359,148.6712,153.8956,834378
2016-01-26,151.2543,151.4624,146.1464,147.9914,1231600
2016-01-27,148.3119,151.0018,146.7485,149.584,1005603
2016-01-28,150.827,152.1282,147.6127,149.3024,1036936
2016-01-29,151.0795,152.9983,149.7491,151.6233,1187435
2016-02-01,151.3416,152.8274,149.0888,151.9826,820278
2016-02-02,150.5162,152.3127,149.6617,150.254,914242
2016-02-03,150.458,150.9921,141.932,145.1948,1209776
2016-02-04,145.1462,148.3605,144.3014,146.3309,715277
2016-02-05,147.0204,147.0204,134.8625,135.4355,1172818
2016-02-08,132.7553,134.008,126.3365,129.2789,1260752
2016-02-09,127.8805,134.9791,125.851,132.4543,1152861
2016-02-10,133.94,136.3289,133.5273,134.1925,621904
2016-02-11,130.1626,135.5326,128.6671,132.8913,616622
2016-02-12,136.3871,141.0871,133.3185,134.4256,1229137
2016-02-16,139.2712,148.5741,139.2712,146.2824,1797837
2016-02-17,147.603,152.1573,143.7527,151.4485,1121975
2016-02-18,152.4584,153.0895,146.1367,147.8652,758459
2016-02-19,146.6902,150.7784,146.2372,149.4869,799559
2016-02-22,152.371,157.8381,150.5162,155.4493,945771
2016-02-23,155.6921,155.9542,150.322,152.8177,802471
2016-02-24,151.2931,155.7853,147.603,155.2745,848246
2016-02-25,142.6408,142.6408,128.1816,132.2892,3677967
2016-02-26,133.7652,138.4749,131.4055,131.4638,1642103
2016-02-29,131.2404,132.7165,130.2597,130.7161,1318964
2016-03-01,132.1533,136.0861,131.1045,134.7557,1341603
2016-03-02,136.6105,137.5866,128.7642,131.9882,1476499
2016-03-03,131.0171,137.13,130.9588,136.0084,1025636
2016-03-04,137.164,140.6987,136.2415,137.6301,1341962
2016-03-07,137.5427,139.077,135.5909,137.5233,992902
2016-03-08,136.6105,138.8342,133.27,133.6973,1180878
2016-03-09,135.9581,137.1679,132.9631,137.0411,978941
2016-03-10,136.7094,138.5337,133.9289,135.9972,1087192
2016-03-11,138.5337,141.2654,137.5386,140.602,1230062
2016-03-14,139.6947,146.1335,139.6947,143.0019,1144005
2016-03-15,141.3532,144.036,140.7873,142.7092,2547472
2016-03-16,142.358,147.0994,141.0117,147.0701,986896
2016-03-17,147.314,151.6554,147.2457,148.2018,1374245
2016-03-18,147.5872,147.5872,141.9483,144.2311,1931933
2016-03-21,144.0751,146.3287,143.4117,145.0604,784791
2016-03-22,144.8458,147.2555,144.4263,145.8311,837914
2016-03-23,145.0214,145.7238,140.6215,142.2019,982342
2016-03-24,141.4605,141.4605,138.2703,140.9532,756864
2016-03-28,140.8556,141.0215,136.2411,136.5825,892534
2016-03-29,136.4655,136.6118,133.0411,135.4704,1882860
2016-03-30,136.4459,139.7971,136.0947,139.1483,1167096
2016-03-31,139.5971,142.436,139.1678,140.0751,1085007
2016-04-01,138.8459,139.8361,136.924,139.5288,1062904
2016-04-04,139.4703,140.641,136.4167,137.8605,1102481
2016-04-05,136.8362,138.7142,135.7045,137.8508,1077217
2016-04-06,138.241,141.997,137.2849,141.1678,1026662
2016-04-07,140.719,142.4653,139.1191,141.3239,1236361
2016-04-08,142.1141,142.9726,138.5435,139.7532,1076446
2016-04-11,141.2263,141.8702,135.2947,135.5191,1135512
2016-04-12,135.9386,136.9045,132.9143,133.8411,1284999
2016-04-13,136.5825,139.7825,135.724,139.2556,1072809
2016-04-14,139.9873,141.1678,137.0996,137.9874,1009140
2016-04-15,138.2996,138.3679,134.3679,134.9045,952183
2016-04-18,133.5289,136.5337,133.5289,135.6264,1217633
2016-04-19,136.6703,136.6703,132.0753,134.4167,771240
2016-04-20,133.6655,134.6118,132.5338,132.6216,1071499
2016-04-21,134.2704,134.5728,129.9583,132.8167,1192249
2016-04-22,131.7143,132.885,129.0998,129.8217,986188
2016-04-25,129.7534,129.929,127.6266,129.8314,892277
2016-04-26,129.8314,131.5143,128.7681,130.3388,779781
2016-04-27,129.6656,131.4899,128.8656,129.89,714031
2016-04-28,130.2509,134.5435,130.2509,131.5875,973986
2016-04-29,131.3826,137.2947,131.3826,137.2654,1551126
2016-05-02,135.9874,137.2654,134.7289,135.9777,845613
2016-05-03,134.6411,135.5191,133.1192,134.3387,884686
2016-05-04,133.5094,137.1776,133.5094,136.085,898912
2016-05-05,136.6216,139.0215,136.1825,137.0508,938054
2016-05-06,136.5435,138.3191,134.1436,136.885,974186
2016-05-09,136.0947,137.3971,134.7192,135.5679,858161
2016-05-10,135.6069,140.602,134.8557,139.8995,1043969
2016-05-11,140.0556,144.5824,138.3581,141.6263,1814731
2016-05-12,145.5189,146.3384,136.163,142.2409,3372612
2016-05-13,143.1482,150.553,142.9824,149.6554,2329823
2016-05-16,151.7237,159.1577,151.3627,157.6748,1848572
2016-05-17,157.5187,162.6113,156.4943,159.4991,1578320
2016-05-18,159.7723,160.4552,156.2463,159.5674,1422973
2016-05-19,158.8357,160.4532,155.0504,157.2943,1050564
2016-05-20,158.5235,164.7477,158.5235,162.7381,1224175
2016-05-23,162.667,164.2838,160.6583,160.8934,604905
2016-05-24,162.7258,170.6235,161.6969,170.4961,1825044
2016-05-25,172.5146,172.5146,167.5663,169.5162,1160876
2016-05-26,169.526,173.4651,168.5364,173.2691,1149960
2016-05-27,173.9158,174.2882,169.8102,172.2501,1434405
2016-05-31,173.3671,175.4934,171.8091,174.2588,6938433
2016-06-01,172.4656,173.7443,169.1341,172.6126,1567420
2016-06-02,172.1913,173.3769,169.2517,170.1042,1168635
2016-06-03,170.4079,173.955,170.1042,172.0247,1143974
2016-06-06,172.2599,172.4362,169.526,171.0056,1032503
2016-06-07,170.2707,173.7198,169.0166,171.2898,1450943
2016-06-08,171.1624,172.3774,169.7808,171.2996,1432672
2016-06-09,170.016,171.1036,166.0524,168.0268,1128499
2016-06-10,165.6556,166.0573,158.1939,158.7182,2280315
2016-06-13,157.7579,162.8042,157.7579,159.9234,1190440
2016-06-14,159.4824,162.1183,158.8259,161.1482,770206
2016-06-15,161.4618,162.0105,159.6588,160.9914,881942
2016-06-16,160.2075,162.5102,159.2326,161.9517,1163927
2016-06-17,160.9032,162.4132,158.0714,159.8254,862385
2016-06-20,162.9904,164.0192,160.3349,161.6185,777446
2016-06-21,162.0791,163.8722,161.4128,162.4318,743518
2016-06-22,163.2549,165.8613,161.6969,164.1564,852120
2016-06-23,166.1847,169.5064,164.4406,169.4281,805971
2016-06-24,162.1085,170.1042,161.8243,168.6246,1192966
2016-06-27,167.0568,167.5546,162.1184,163.3039,1069238
2016-06-28,165.3224,169.7514,165.3224,169.5162,709167
2016-06-29,171.476,180.1869,168.9773,177.8255,1698908
2016-06-30,181.0982,189.3781,180.5985,189.3291,2497499
2016-07-01,189.3585,189.5446,180.0988,180.8532,2119818
2016-07-05,180.2947,186.1739,179.6774,183.0775,1610293
2016-07-06,182.0389,184.6845,181.5979,182.372,1640672
2016-07-07,181.2746,185.5994,181.2746,184.6453,1174750
2016-07-08,185.3508,185.8114,179.1777,181.402,1494588
2016-07-11,185.3508,194.2088,184.2436,192.6606,2780379
2016-07-12,195.6002,198.6182,191.426,193.3563,1753258
2016-07-13,193.6797,193.8952,189.1135,189.7308,1061139
2016-07-14,191.23,193.3073,189.6132,191.5631,770757
2016-07-15,191.9649,195.757,190.3393,191.279,810537
2016-07-18,192.739,197.8637,191.2692,195.414,1488386
2016-07-19,194.248,196.2175,192.3568,194.7771,666106
2016-07-20,195.9725,195.9725,193.0525,195.0417,967775
2016-07-21,194.2088,195.9627,192.543,193.3955,748175
2016-07-22,194.0128,194.4831,190.4863,192.0727,868937
2016-07-25,192.1511,197.5109,189.3781,197.07,745565
2016-07-26,197.3639,201.9105,196.9132,200.3721,938725
2016-07-27,201.45,203.7526,200.3819,202.9981,725314
2016-07-28,203.6057,206.0347,200.2653,201.8811,763243
2016-07-29,201.4892,201.8517,199.1277,200.1565,506721
2016-08-01,200.1369,200.1369,194.5811,198.628,1080125
2016-08-02,198.2164,198.481,195.1788,196.3057,737778
2016-08-03,195.6492,198.5986,193.0329,194.6007,889406
2016-08-04,195.169,197.0994,193.1995,194.4243,548559
2016-08-05,196.4723,197.9323,195.5512,197.5305,591514
2016-08-08,197.5305,199.2453,195.6198,196.3253,609923
2016-08-09,195.5512,196.4037,193.6699,194.9829,679514
2016-08-10,195.9725,197.3344,193.9736,195.3944,776279
2016-08-11,197.2953,198.4124,195.6796,196.2567,692563
2016-08-12,195.9333,202.3318,195.0025,201.7243,1108465
2016-08-15,204.8207,211.62,201.3618,207.2214,1238408
2016-08-16,209.0537,212.9927,208.1914,208.9067,1495194
2016-08-17,209.9552,211.1506,208.0062,209.0341,1132550
2016-08-18,212.6302,212.64,195.12,203.4391,3159832
2016-08-19,202.2437,206.4865,200.088,205.5164,1332822
2016-08-22,204.7913,210.1609,204.2328,208.2894,907998
2016-08-23,209.2595,210.6509,207.4859,208.8773,765849
2016-08-24,208.554,210.063,206.2415,206.8588,969723
2016-08-25,205.7712,206.0651,202.3416,204.2916,775338
2016-08-26,205.2812,214.3645,204.321,213.3259,1291687
2016-08-29,213.3922,213.8446,209.5079,210.0192,933574
2016-08-30,212.0843,212.0843,205.7268,207.492,1013596
2016-08-31,208.023,209.2325,205.7809,208.4458,760621
2016-09-01,208.377,213.4709,207.4133,212.3203,1128887
2016-09-02,213.3922,214.7394,208.4753,211.337,1547380
2016-09-06,213.8937,220.4528,213.0284,218.3091,2173673
2016-09-07,218.2009,218.9188,214.2773,215.2901,1140227
2016-09-08,215.359,219.5368,213.8937,217.9944,716370
2016-09-09,216.3423,218.7418,207.6936,209.6259,939945
2016-09-12,204.8369,226.7169,204.5656,226.2449,1756384
2016-09-13,224.8879,236.472,224.8731,227.425,2813449
2016-09-14,228.487,239.1075,228.487,230.8569,2491604
2016-09-15,231.8403,235.2231,228.7034,233.7972,898316
2016-09-16,233.5514,238.9403,232.3222,234.0726,1218244
2016-09-19,238.1044,248.2233,236.531,244.8504,2192003
2016-09-20,245.8141,248.7642,237.0915,240.081,1488786
2016-09-21,243.867,247.2891,241.9101,245.3912,1326035
2016-09-22,247.0728,250.2491,245.5879,247.8595,1285649
2016-09-23,243.9752,245.7452,241.7331,243.3065,1019826
2016-09-26,239.1665,239.7761,233.2859,237.1997,1694056
2016-09-27,239.8155,244.4373,238.4683,240.0908,1032059
2016-09-28,240.9267,242.1362,237.5341,239.4418,595121
2016-09-29,238.4191,240.2383,237.0817,238.0356,840628
2016-09-30,239.4221,239.9237,234.0627,236.7769,769299
2016-10-03,239.6876,243.749,239.2648,240.789,647614
2016-10-04,242.6181,246.7974,242.1067,244.4668,1002151
2016-10-05,244.5652,245.594,243.1491,244.0047,631137
2016-10-06,243.3556,252.4715,240.8185,251.7241,1080799
2016-10-07,250.7801,253.2779,246.2074,248.7445,809333
2016-10-10,250.2688,258.3521,250.2688,256.995,867067
2016-10-11,256.995,256.995,249.0887,249.9737,1146544
2016-10-12,250.9178,266.4256,250.2688,257.0737,2036734
2016-10-13,253.9662,259.1191,248.125,257.6244,1361271
2016-10-14,261.4596,268.0482,255.5003,257.0245,1666999
2016-10-17,257.1327,259.483,254.2908,256.759,831958
2016-10-18,260.2402,264.5178,260.0828,261.1547,880064
2016-10-19,262.9346,264.2228,257.6244,259.5026,622930
2016-10-20,259.5026,261.1311,257.6441,260.1025,840747
2016-10-21,258.9913,260.5843,256.6607,259.1486,443205
2016-10-24,263.5246,263.8983,260.5942,262.7379,928606
2016-10-25,263.6721,265.9437,261.253,265.1177,977029
2016-10-26,263.8,263.8,260.8007,261.3219,607470
2016-10-27,263.7606,267.1435,258.8929,262.6101,1029503
2016-10-28,262.5609,262.6101,258.8339,260.5647,711006
2016-10-31,261.0662,264.508,252.5895,252.7174,1122320
2016-11-01,254.6939,255.5691,242.5394,244.8897,2587559
2016-11-02,244.634,244.8601,237.0227,238.9009,1665073
2016-11-03,239.078,242.0576,233.7087,239.373,908693
2016-11-04,236.4032,241.7921,236.2065,239.3828,696290
2016-11-07,247.2498,251.7437,245.8731,247.004,1210693
2016-11-08,246.8269,247.712,242.8934,244.8209,876665
2016-11-09,237.4357,251.4488,236.6628,247.6726,1610769
2016-11-10,235.7738,247.9062,220.974,224.819,4628985
2016-11-11,225.2025,231.9583,214.3756,230.6701,2844504
2016-11-14,230.3751,231.6928,212.7924,214.2871,1964456
2016-11-15,223.8258,229.0279,221.8099,224.3077,1717427
2016-11-16,222.5474,228.1232,220.1087,226.3039,862200
2016-11-17,226.3039,233.1974,225.7926,232.8925,954464
2016-11-18,233.099,235.6361,226.0384,226.9726,761159
2016-11-21,227.2676,233.2957,227.2283,230.2669,780681
2016-11-22,231.9713,233.7472,227.9359,228.7252,796669
2016-11-23,228.1825,230.5801,226.081,228.4884,875430
2016-11-25,229.9684,230.7577,220.2104,224.0583,1161223
2016-11-28,227.4129,232.8297,225.5778,228.6857,1720243
2016-11-29,228.074,230.2446,224.1373,226.969,1015312
2016-11-30,227.6201,231.5667,220.8715,221.1083,1074111
2016-12-01,222.1048,222.8249,212.1396,214.9121,1212563
2016-12-02,214.6654,218.6219,212.7908,217.6451,834840
2016-12-05,214.103,223.8511,214.0488,223.1506,849457
2016-12-06,223.5749,223.5749,216.1355,219.6776,854279
2016-12-07,219.796,221.8778,215.7014,220.1808,1131216
2016-12-08,219.7269,224.3543,217.3886,222.2034,928693
2016-12-09,222.8842,224.3839,218.7995,220.5656,590763
2016-12-12,216.0763,216.7473,208.6173,215.6619,1697174
2016-12-13,215.6619,223.0816,213.7084,217.5169,992385
2016-12-14,216.4315,220.0427,213.9353,214.5865,995679
2016-12-15,212.1396,215.435,209.5645,210.482,860284
2016-12-16,211.1332,215.583,209.7914,210.2058,1141486
2016-12-19,210.3636,215.1193,208.2917,213.8761,1025929
2016-12-20,214.103,216.0467,212.5935,214.0044,454474
2016-12-21,214.5668,223.2197,213.8761,220.1413,1283171
2016-12-22,218.5528,218.9376,213.2644,214.2017,778687
2016-12-23,213.1164,221.9272,213.1164,220.684,858081
2016-12-27,221.5029,225.7455,220.522,220.9997,561989
2016-12-28,223.5453,225.4298,220.1512,220.9307,547101
2016-12-29,221.3253,221.9321,218.7206,220.0229,441203
2016-12-30,219.5789,220.0229,211.8831,212.4652,677449
2017-01-03,216.4513,217.359,212.7513,215.2476,798082
2017-01-04,217.063,218.2371,213.9985,215.7803,1120458
2017-01-05,216.915,227.63,216.8657,226.15,2168621
2017-01-06,226.3572,227.1762,222.2626,223.9301,782655
2017-01-09,224.7687,233.3328,224.4234,231.7641,1133124
2017-01-10,234.7734,240.713,233.4512,236.7763,1233707
2017-01-11,234.28,238.5226,232.4843,236.0757,665003
2017-01-12,235.7107,235.9573,229.0409,232.287,954250
2017-01-13,233.6288,236.2928,230.5013,234.507,686409
2017-01-17,236.2731,240.7031,232.5633,239.8349,1171832
2017-01-18,238.4042,240.6933,230.3828,232.6323,1207658
2017-01-19,233.1552,237.1808,232.9283,235.7896,637621
2017-01-20,236.0165,241.1372,236.0165,239.1047,961106
2017-01-23,238.8581,246.771,238.7792,245.2713,1096640
2017-01-24,249.6126,254.24,245.3798,251.0531,1307448
2017-01-25,252.5725,252.5824,247.363,248.2313,684439
2017-01-26,248.6358,249.0896,242.5482,248.5766,818640
2017-01-27,247.9451,249.7902,245.9521,249.5139,355600
2017-01-30,247.0177,248.4977,244.9753,247.1459,400049
2017-01-31,246.2678,250.6979,245.0049,250.5104,453654
2017-02-01,252.9672,253.3321,247.5011,250.4315,670127
2017-02-02,249.0304,252.8882,246.8016,252.5725,682460
2017-02-03,253.4309,253.569,250.2791,251.5957,565981
2017-02-06,250.8558,259.8145,249.6323,255.2167,1091018
2017-02-07,256.5685,257.338,252.0989,254.5853,671710
2017-02-08,255.8087,262.5969,254.7826,261.9753,1237837
2017-02-09,257.9399,262.291,253.2533,254.1216,2342132
2017-02-10,257.7426,257.9399,252.7699,253.9834,1397072
2017-02-13,255.3253,258.1668,249.1735,257.2986,1127744
2017-02-14,257.0716,257.8008,250.6091,252.7008,1094575
2017-02-15,255.5325,259.5383,252.7896,258.3543,1239607
2017-02-16,279.6067,295.6793,275.078,294.7419,3737276
2017-02-17,291.7919,293.9526,285.5168,293.2817,1960172
2017-02-21,292.3444,293.5284,286.1482,289.5226,1264624
2017-02-22,289.6212,303.681,288.2597,300.0107,2242170
2017-02-23,300.9282,301.3426,283.6717,294.9985,2423448
2017-02-24,293.035,302.5265,291.6636,295.9259,1727086
2017-02-27,293.5876,302.6894,293.5425,297.7315,1055998
2017-02-28,298.876,304.3815,297.9782,300.9874,1163758
2017-03-01,304.4201,305.5482,293.2241,299.5299,1451396
2017-03-02,295.491,296.9759,281.6321,286.4629,2312687
2017-03-03,285.5918,291.7689,284.3049,290.5117,1028939
2017-03-06,291.0364,291.0859,284.3643,289.3337,902438
2017-03-07,287.7795,291.5313,286.1462,289.1357,905283
2017-03-08,291.6303,293.5112,287.8587,288.5022,850272
2017-03-09,287.0767,289.4624,285.671,288.3339,746072
2017-03-10,288.3636,288.6804,285.0969,286.4827,678270
2017-03-13,288.0171,288.0567,283.0022,286.9282,996472
2017-03-14,283.711,287.0272,283.2457,286.5223,744885
2017-03-15,286.0472,286.5124,281.5431,283.9684,808430
2017-03-16,285.4928,285.5324,280.0638,280.4145,879594
2017-03-17,283.2853,289.0565,282.137,288.5616,1373184
2017-03-20,288.5616,293.7587,288.1161,291.1552,1295033
2017-03-21,292.9667,295.3846,278.801,279.8206,1143602
2017-03-22,280.7907,284.9385,277.4845,283.3051,1083378
2017-03-23,283.6813,287.2747,281.4936,283.3843,946609
2017-03-24,284.1861,287.9478,283.0873,286.067,878653
2017-03-27,282.6815,289.6802,282.1667,286.3343,880579
2017-03-28,288.8091,289.8584,285.9581,286.4333,675931
2017-03-29,286.9084,287.245,279.9097,280.464,973798
2017-03-30,281.4441,283.612,279.286,279.5038,1018027
2017-03-31,279.1573,282.8101,277.524,281.1372,795714
2017-04-03,280.4838,283.9882,280.4452,282.3449,861625
2017-04-04,281.8994,283.414,268.8325,270.3372,1649231
2017-04-05,272.416,279.5038,269.7729,273.6732,1466832
2017-04-06,274.8314,276.3559,270.2481,273.2277,791106
2017-04-07,272.218,277.1775,270.7529,274.4255,781596
2017-04-10,275.0789,276.0985,268.7642,269.5848,918679
2017-04-11,269.8026,273.0989,264.9125,265.2985,1269341
2017-04-12,266.0409,269.1493,261.6853,262.7544,972808
2017-04-13,262.3287,264.6524,260.0717,263.0019,959768
2017-04-17,263.3384,265.4509,262.6356,263.5364,547032
2017-04-18,263.4374,265.2985,258.7452,261.5368,1088485
2017-04-19,260.8141,262.3188,253.0631,260.2301,1406591
2017-04-20,261.8337,263.8433,259.3689,263.4572,749741
2017-04-21,265.4074,266.8229,262.7841,266.2587,977820
2017-04-24,269.9412,272.7724,269.1196,271.3766,1282585
2017-04-25,273.396,276.0045,271.5944,275.1581,1058683
2017-04-26,275.7718,275.9896,262.398,262.7247,1680184
2017-04-27,264.2096,268.5058,262.1254,263.0118,1134726
2017-04-28,264.0116,264.16,258.6759,262.7148,819561
2017-05-01,262.6851,268.3078,262.6851,267.0902,572391
2017-05-02,269.2878,269.7036,262.2396,262.9128,962594
2017-05-03,263.3582,266.6547,262.3683,265.6647,726401
2017-05-04,268.2583,268.2583,261.6556,262.6653,842412
2017-05-05,262.3287,263.7641,256.4486,261.8337,1059502
2017-05-08,260.8438,267.0605,259.3589,266.2389,909096
2017-05-09,267.2783,272.7328,267.2783,269.1592,1369220
2017-05-10,272.4952,279.0287,271.5548,276.2371,2255614
2017-05-11,284.9781,286.7797,268.6048,273.9702,3548731
2017-05-12,274.4552,276.6528,267.5852,268.5553,1618254
2017-05-15,269.7234,283.7803,268.5553,281.3847,1732367
2017-05-16,282.1172,292.353,281.1372,286.7797,1847552
2017-05-17,282.919,283.909,275.6926,280.1671,2329952
2017-05-18,278.1377,286.2155,273.4158,279.8899,1649270
2017-05-19,282.1271,288.032,280.7071,283.8595,1335199
2017-05-22,286.6906,293.8873,285.0177,290.7196,1764303
2017-05-23,293.6993,298.7776,288.0963,289.3337,1420401
2017-05-24,289.9474,291.7547,281.7901,286.758,1399428
2017-05-25,289.9275,294.709,288.1391,291.5173,1482690
2017-05-26,291.5769,295.6158,290.0468,290.474,718364
2017-05-30,290.1461,292.3618,284.1949,286.609,921608
2017-05-31,286.6686,287.7816,280.4338,282.9526,1208786
2017-06-01,283.3599,286.758,281.9689,286.7182,787258
2017-06-02,285.6054,289.8977,284.3138,289.7984,602512
2017-06-05,290.6826,297.5384,290.1362,291.6464,1002937
2017-06-06,291.8451,303.0428,291.6464,300.9364,1815402
2017-06-07,301.0556,312.9687,299.0784,312.6408,1936403
2017-06-08,318.2943,321.0267,306.2819,311.6274,2616283
2017-06-09,313.0681,318.344,295.3525,301.6717,2166747
2017-06-12,299.5951,307.3848,294.5974,304.4934,1390566
2017-06-13,307.8816,308.5373,298.5816,299.7541,1296356
2017-06-14,303.0428,303.9967,289.8083,292.8785,1064950
2017-06-15,290.315,292.6101,283.5984,290.7919,1109023
2017-06-16,292.1134,295.1736,289.381,295.0643,1023500
2017-06-19,297.8861,311.4187,296.6839,310.9219,1495346
2017-06-20,309.1832,315.9594,309.0739,314.469,1470411
2017-06-21,314.5684,325.16,312.4997,321.6526,1035785
2017-06-22,319.735,324.5277,315.9693,323.1927,1084166
2017-06-23,317.9466,331.6381,316.9541,331.4195,1358598
2017-06-26,331.5388,335.3839,317.1616,318.5825,1502736
2017-06-27,319.576,319.576,308.0107,309.5011,1226131
2017-06-28,310.604,315.7209,306.1925,315.3931,1195067
2017-06-29,312.4719,314.4591,297.2403,300.1614,1438378
2017-06-30,303.0726,305.6161,296.1275,298.7009,978532
2017-07-03,300.6383,302.3672,292.9778,294.9252,759951
2017-07-05,292.3618,295.8195,288.2384,292.2624,1558252
2017-07-06,291.1298,298.6364,290.4044,294.8954,1217142
2017-07-07,296.0977,297.5483,291.8551,293.8919,740017
2017-07-10,295.6009,299.5553,293.4547,299.0685,948976
2017-07-11,300.6185,306.9476,299.0685,306.6595,1290484
2017-07-12,308.9149,313.5251,308.0107,312.4421,1073364
2017-07-13,313.2767,315.4626,304.3345,305.3777,1172899
2017-07-14,305.497,310.9915,303.3011,308.3585,854150
2017-07-17,308.0107,308.4231,298.373,300.0521,1248010
2017-07-18,300.0621,307.4444,298.2239,307.2258,1005953
2017-07-19,311.9851,315.711,303.7185,304.9902,1039558
2017-07-20,305.03,308.746,303.8973,306.6694,847785
2017-07-21,305.1095,308.9944,304.4835,305.2287,768814
2017-07-24,307.2457,311.7754,305.6162,309.5011,674507
2017-07-25,309.8886,310.4599,303.3806,306.9079,853015
2017-07-26,308.1002,313.4754,306.3813,310.1469,923089
2017-07-27,313.9722,318.8607,303.5893,308.1498,1640708
2017-07-28,306.3316,314.2181,304.5332,311.7764,768446
2017-07-31,314.1014,314.7671,305.03,309.2825,1093002
2017-08-01,311.9851,312.9488,304.8313,306.421,809551
2017-08-02,304.5431,305.5665,291.865,297.4092,1537216
2017-08-03,298.9691,302.7347,295.9884,300.231,765045
2017-08-04,302.0492,305.4672,300.2608,302.5162,681051
2017-08-07,303.0528,306.7588,300.5688,305.8348,1273257
2017-08-08,308.0107,311.1405,303.4104,307.2357,1251603
2017-08-09,303.9867,314.3647,300.5191,313.0283,1698693
2017-08-10,297.0614,299.0685,281.4821,282.426,6147126
2017-08-11,279.5943,280.6673,271.4369,279.1571,2908752
2017-08-14,283.5388,286.1122,276.2162,276.8321,1472827
2017-08-15,277.0606,277.8257,272.4901,274.2985,1467732
2017-08-16,276.534,281.6808,275.8783,276.7725,1275862
2017-08-17,278.1337,281.0051,271.0703,271.8443,1422734
2017-08-18,272.043,272.1623,268.2674,268.6052,1128293
2017-08-21,270.3837,274.5667,268.2674,272.977,1158630
2017-08-22,275.461,277.6766,271.4171,275.2225,1019884
2017-08-23,273.3065,277.0436,272.3299,275.1103,756798
2017-08-24,277.6714,277.7512,266.2309,269.6491,1602050
2017-08-25,271.2935,271.3632,265.4138,266.4302,1400598
2017-08-28,266.1911,266.5797,261.7144,265.912,1027041
2017-08-29,260.0124,265.0351,258.5475,264.2378,1182319
2017-08-30,266.0715,275.469,265.7725,274.622,1553533
2017-08-31,274.911,277.0237,273.1175,274.891,1260246
2017-09-01,275.3993,275.4391,267.3471,268.9615,925996
2017-09-05,267.8354,270.9247,264.3973,268.1543,1097789
2017-09-06,270.0179,271.702,268.3835,270.1374,778486
2017-09-07,272.0608,274.6419,269.2007,274.1536,805316
2017-09-08,272.6587,276.1766,271.8316,272.1007,840083
2017-09-11,275.0405,275.8378,269.689,270.8749,1105526
2017-09-12,271.0642,271.3333,268.832,270.4165,999178
2017-09-13,269.8684,272.0608,268.5928,269.3402,1130368
2017-09-14,268.5131,270.0577,265.1347,267.5763,1009063
2017-09-15,266.1313,274.3629,261.7863,270.1374,2140291
2017-09-18,276.5453,292.5899,275.9474,292.291,3290820
2017-09-19,292.8092,294.5332,285.0211,286.2917,1793938
2017-09-20,287.2783,287.8961,279.535,282.5845,1312882
2017-09-21,283.3618,283.8352,274.2732,276.6649,1503054
2017-09-22,274.911,277.0336,267.0979,270.6756,1662729
2017-09-25,268.0247,269.0711,258.109,262.7828,1996533
2017-09-26,264.0883,264.8756,257.1124,257.3018,1894215
2017-09-27,261.6468,261.6468,254.2644,256.8732,1277473
2017-09-28,255.2787,257.6605,252.3289,256.4646,970856
2017-09-29,256.2653,264.4869,255.4383,262.9024,1445853
2017-10-02,264.2278,266.2758,260.6005,265.6729,882032
2017-10-03,267.0282,273.7948,265.7924,271.2337,1791880
2017-10-04,270.1673,270.7653,267.5265,269.9979,1669494
2017-10-05,269.9979,272.8879,267.4667,272.1605,977258
2017-10-06,270.556,275.8776,270.556,275.7381,948060
2017-10-09,276.0271,276.047,271.5825,274.6818,964334
2017-10-10,276.8842,276.924,265.3639,268.4034,1528329
2017-10-11,266.8787,268.2838,264.5069,267.8753,1058095
2017-10-12,268.1543,273.6154,268.1543,270.8251,899960
2017-10-13,272.3299,278.8274,271.8814,278.6879,971173
2017-10-16,281.0298,282.425,278.6979,281.6078,1327637
2017-10-17,282.2257,282.4151,276.1666,278.8872,1099395
2017-10-18,280.0333,280.0432,275.4591,276.7745,1057274
2017-10-19,274.0539,278.8175,272.2402,275.758,736351
2017-10-20,278.0402,280.9899,275.3295,275.6783,624272
2017-10-23,274.4824,277.5518,272.0708,274.1436,838865
2017-10-24,275.0505,282.8037,272.6388,279.5749,1147269
2017-10-25,279.0268,283.1525,270.9948,274.2632,1417129
2017-10-26,276.047,277.3525,270.2471,275.1103,1166371
2017-10-27,275.6484,283.3917,273.0773,282.5546,1499520
2017-10-30,279.8738,281.3986,274.1536,275.5587,1273899
2017-10-31,274.0539,282.0264,273.6852,280.9501,837593
2017-11-01,283.1027,283.6309,274.612,275.0206,1537540
2017-11-02,274.6818,281.1295,271.2038,275.1501,882871
2017-11-03,274.0639,284.458,274.0639,279.5549,1400037
2017-11-06,298.9679,308.9335,296.9748,308.6246,3173192
2017-11-07,307.4387,310.6476,304.7779,305.5352,1427540
2017-11-08,304.9473,319.5668,303.9607,313.0991,1433061
2017-11-09,311.4548,315.4012,305.9638,311.7837,1105327
2017-11-10,308.5449,309.8503,301.2799,301.828,1956480
2017-11-13,300.114,307.4287,299.9645,301.1205,1137907
2017-11-14,299.5758,300.8315,293.1879,297.5329,1068304
2017-11-15,295.9882,303.2432,294.9817,301.4294,1539070
2017-11-16,309.7407,331.0522,304.0454,325.1176,3654445
2017-11-17,338.8303,373.8096,338.8303,366.2357,6049596
2017-11-20,360.7546,361.7512,337.3554,342.8863,3479805
2017-11-21,347.3011,354.6756,342.7119,343.8131,2190832
2017-11-22,342.8763,354.1674,342.8763,346.5038,2011228
2017-11-24,340.8234,345.8062,339.5777,343.0258,705818
2017-11-27,339.8269,341.8997,331.4259,332.3826,984994
2017-11-28,331.2565,335.4221,325.3768,330.8479,1464477
2017-11-29,329.4925,330.0705,317.0953,323.3039,1718062
2017-11-30,322.6623,330.4027,317.8083,328.3054,1518813
2017-12-01,324.2304,328.2055,317.9581,323.5013,1184119
2017-12-04,325.6087,335.4665,323.3115,328.5051,1343025
2017-12-05,325.2391,327.5962,315.8707,317.5986,1397927
2017-12-06,311.6259,321.1042,311.6159,317.8882,1466221
2017-12-07,319.8558,323.1217,316.1503,319.9556,1125060
2017-12-08,326.0481,328.9446,319.7459,321.1142,1700364
2017-12-11,324.7298,344.4954,323.7859,344.3456,1772683
2017-12-12,341.3892,346.2732,331.1818,344.0959,1351643
2017-12-13,349.5691,364.0613,349.0798,357.3595,1630523
2017-12-14,354.573,363.2674,354.1535,355.9912,1294993
2017-12-15,354.7128,356.1111,348.6902,355.352,1863170
2017-12-18,360.6555,369.0801,359.6667,362.9527,1377081
2017-12-19,361.9639,369.8941,358.5581,361.4245,1506836
2017-12-20,361.1349,362.8428,355.0724,361.9838,959709
2017-12-21,371.1825,377.1751,369.6644,370.9029,1450144
2017-12-22,375.2175,375.5571,362.5931,365.1799,742388
2017-12-26,362.4033,365.5495,351.8963,361.0949,845091
2017-12-27,361.6343,363.447,357.6292,361.1848,565424
2017-12-28,360.9851,362.3734,344.785,349.5192,1861250
2017-12-29,348.4605,349.689,337.2643,344.6452,1673674
2018-01-02,347.5716,354.9825,343.5665,347.9412,1926265
2018-01-03,349.5592,350.1384,340.3605,341.569,1436928
2018-01-04,344.3256,347.5816,336.1856,339.5914,1253934
2018-01-05,349.3195,349.5691,340.8099,343.8462,1428265
2018-01-08,344.8849,347.5416,336.2056,344.3456,1252812
2018-01-09,348.5204,348.5604,335.926,338.6326,1056645
2018-01-10,337.0845,337.3742,332.0907,334.4877,916009
2018-01-11,335.047,337.544,325.379,326.997,1796767
2018-01-12,329.1843,331.9908,323.731,328.4252,1057022
2018-01-16,331.9708,334.5277,319.7159,321.6835,1622008
2018-01-17,323.4813,327.3965,321.8233,324.0007,1031733
2018-01-18,324.7597,324.7597,316.3101,321.7934,1326109
2018-01-19,329.7436,331.5414,322.6024,325.1492,1413767
2018-01-22,325.369,331.1918,320.6048,331.0919,1017317
2018-01-23,331.9708,337.2743,328.6,334.1581,1232616
2018-01-24,335.097,343.3468,321.7235,324.2304,2004597
2018-01-25,326.947,332.0507,324.7597,329.1843,1123454
2018-01-26,330.5027,340.6202,330.3828,335.4965,1457265
2018-01-29,342.5778,342.5778,325.8584,326.2978,1939107
2018-01-30,323.0219,325.6986,316.41,322.4026,1169979
2018-01-31,326.8172,328.1282,319.5961,319.7659,1057508
2018-02-01,317.6785,321.7449,312.9543,315.6709,1038759
2018-02-02,314.6222,320.8341,311.2763,317.0093,1184654
2018-02-05,314.6122,325.4988,312.0654,312.0654,1534667
2018-02-06,305.104,316.2003,304.225,313.4537,1633707
2018-02-07,311.4861,314.3825,306.712,308.6196,1754078
2018-02-08,294.0476,314.6122,288.9738,289.2535,3059696
2018-02-09,291.3609,296.2838,283.4906,291.271,2421899
2018-02-12,292.899,296.0751,287.4657,294.537,1085957
2018-02-13,291.1911,301.8979,291.1412,299.7406,978939
2018-02-14,299.4909,307.2413,299.1313,305.6733,846317
2018-02-15,309.5884,310.8868,303.8855,309.1889,853026
2018-02-16,309.3987,311.7158,306.3824,307.0615,663500
2018-02-20,303.8855,312.844,303.426,310.4074,1103676
2018-02-21,313.174,315.8158,305.9829,306.3724,1189733
2018-02-22,308.0,313.37,306.0,309.44,844590
2018-02-23,312.7,313.0,305.58,311.64,757343
2018-02-26,313.0,316.9,307.695,308.56,838031
2018-02-27,307.67,308.9,294.27,296.31,1365690
2018-02-28,298.71,300.5,292.72,293.35,1166715
2018-03-01,294.0,295.21,284.0,286.55,1532465
2018-03-02,283.17,289.69,279.0,288.71,1463968
2018-03-05,289.0,296.19,288.71,294.78,1135308
2018-03-06,298.38,301.47,297.07,300.7,919539
2018-03-07,297.12,307.28,296.7,306.32,937153
2018-03-08,308.9,314.19,307.15,313.45,1730996
2018-03-09,314.44,318.79,311.28,312.53,1034169
2018-03-12,312.55,317.75,311.96,314.29,813642
2018-03-13,314.54,317.3,306.02,311.62,908338
2018-03-14,314.33,318.18,312.21,314.17,930314
2018-03-15,317.88,329.0,316.995,325.58,1527068
2018-03-16,324.15,328.39,323.12,326.94,1714714
2018-03-19,320.07,324.36,310.28,317.95,1402709
2018-03-20,317.96,320.025,311.22,314.61,666476
2018-03-21,313.8,321.83,311.0,319.77,939337
2018-03-22,312.0,314.76,299.69,302.51,1414907
2018-03-23,301.86,303.9299,295.35,295.66,697790
2018-03-26,302.69,302.69,289.7977,297.38,1032864
2018-03-27,297.38,297.38,278.94,280.76,1832561
2018-03-28,282.58,282.58,270.58,274.54,2123983
